"Question","KB System Answer","Ground Truth","KB Exact Accuracy","Category"
"How does acmtucson.com establish and sustain its connection with hardening through Sub_business relationship?","(witherstool.com)-[:Belong]->(witherstool.com) | (witherstool.com)-[:Belong]->(witherstool.com) | (witherstool.com)-[:Belong]->(foundry) | (witherstool.com)-[:Belong]->(witherstool.com) | (witherstool.com)-[:Belong]->(foundry)","witherstool.com - Work_on -> drawing ; witherstool.com - Work_on -> welding ; witherstool.com - Belong -> foundries ; witherstool.com - Work_on -> forging ; witherstool.com - Work_on -> CNC_machining ; witherstool.com - Work_on -> reaming ; witherstool.com - Work_on -> milling ; witherstool.com - Work_on -> sharpening ; witherstool.com - Work_on -> turning ; witherstool.com - Work_on -> shaping ; witherstool.com - Work_on -> water_jet_cutting ; witherstool.com - Work_on -> grinding ; witherstool.com - Belong -> foundry ; witherstool.com - Work_on -> heat_treatment ; witherstool.com - Work_on -> plating ; witherstool.com - Work_on -> boring ; witherstool.com - Belong -> turbine ; witherstool.com - Work_on -> casting ; witherstool.com - Work_on -> drilling ; witherstool.com - Work_on -> tapping","0.4","category1"
"In what way do manufacturers like 4peabody.com interact with thermoforming through Sub_business relationships?","(witherstool.com)-[:Belong]->(witherstool.com) | (witherstool.com)-[:Belong]->(witherstool.com) | (witherstool.com)-[:Belong]->(foundry) | (witherstool.com)-[:Belong]->(witherstool.com) | (witherstool.com)-[:Belong]->(foundry)","witherstool.com - Work_on -> drawing ; thermoforming - Sub_Bussiness -> forming ; witherstool.com - Work_on -> welding ; witherstool.com - Belong -> foundries ; witherstool.com - Work_on -> forging ; witherstool.com - Work_on -> CNC_machining ; witherstool.com - Work_on -> reaming ; witherstool.com - Work_on -> milling ; witherstool.com - Work_on -> sharpening ; witherstool.com - Work_on -> turning ; witherstool.com - Work_on -> shaping ; witherstool.com - Work_on -> water_jet_cutting ; witherstool.com - Work_on -> grinding ; witherstool.com - Belong -> foundry ; witherstool.com - Work_on -> heat_treatment ; witherstool.com - Work_on -> plating ; witherstool.com - Work_on -> boring ; witherstool.com - Belong -> turbine ; witherstool.com - Work_on -> casting ; witherstool.com - Work_on -> drilling ; witherstool.com - Work_on -> tapping","0.4","category1"
"In what way do manufacturers like advantechindustries.com interact with rapid_prototyping through Sub_business relationships?","(witherstool.com)-[:Belong]->(witherstool.com) | (witherstool.com)-[:Belong]->(witherstool.com) | (witherstool.com)-[:Belong]->(foundry) | (witherstool.com)-[:Belong]->(witherstool.com) | (witherstool.com)-[:Belong]->(foundry)","witherstool.com - Work_on -> drawing ; witherstool.com - Work_on -> welding ; witherstool.com - Belong -> foundries ; witherstool.com - Work_on -> forging ; witherstool.com - Work_on -> CNC_machining ; witherstool.com - Work_on -> reaming ; witherstool.com - Work_on -> milling ; witherstool.com - Work_on -> sharpening ; witherstool.com - Work_on -> turning ; witherstool.com - Work_on -> shaping ; witherstool.com - Work_on -> water_jet_cutting ; witherstool.com - Work_on -> grinding ; witherstool.com - Belong -> foundry ; witherstool.com - Work_on -> heat_treatment ; witherstool.com - Work_on -> plating ; witherstool.com - Work_on -> boring ; witherstool.com - Belong -> turbine ; witherstool.com - Work_on -> casting ; witherstool.com - Work_on -> drilling ; witherstool.com - Work_on -> tapping","0.4","category1"
"What are the specific pathways through which 149401-us.all.biz maintains links to turbine via Sub_industry?","(kenoshaareachamber.com)-[:Certify]->(kenoshaareachamber.com) | (kenoshaareachamber.com)-[:Certify]->(kenoshaareachamber.com) | (kenoshaareachamber.com)-[:Certify]->(EPA) | (kenoshaareachamber.com)-[:Certify]->(kenoshaareachamber.com) | (kenoshaareachamber.com)-[:Certify]->(EPA)","kenoshaareachamber.com - Work_on -> drawing ; kenoshaareachamber.com - Work_on -> boring ; kenoshaareachamber.com - Belong -> military ; kenoshaareachamber.com - Belong -> electric ; kenoshaareachamber.com - Work_on -> stamping ; kenoshaareachamber.com - Work_on -> turning ; kenoshaareachamber.com - Work_on -> fastener ; kenoshaareachamber.com - Work_on -> 3d_printing ; kenoshaareachamber.com - Belong -> household ; kenoshaareachamber.com - Belong -> medical ; kenoshaareachamber.com - Belong -> petroleum ; kenoshaareachamber.com - Work_on -> thermoforming ; kenoshaareachamber.com - Work_on -> bending ; kenoshaareachamber.com - Work_on -> polishing ; kenoshaareachamber.com - Certify -> EPA ; kenoshaareachamber.com - Work_on -> welding ; kenoshaareachamber.com - Belong -> engine  ; kenoshaareachamber.com - Work_on -> molding ; kenoshaareachamber.com - Belong -> furniture ; kenoshaareachamber.com - Belong -> electrical","0.4","category1"
"To what extent does accuritetool.com maintain an active relationship with electric via Sub_industry relationships?","(www.hobgoodelectric.com)-[:Certify]->(www.hobgoodelectric.com) | (www.hobgoodelectric.com)-[:Certify]->(www.hobgoodelectric.com) | (www.hobgoodelectric.com)-[:Certify]->(EASA) | (www.hobgoodelectric.com)-[:Certify]->(www.hobgoodelectric.com) | (www.hobgoodelectric.com)-[:Certify]->(EASA)","witherstool.com - Work_on -> drawing ; witherstool.com - Work_on -> welding ; www.starbriteelectric.com - Belong -> electrical ; witherstool.com - Belong -> foundries ; witherstool.com - Work_on -> forging ; witherstool.com - Work_on -> CNC_machining ; witherstool.com - Work_on -> reaming ; www.starbriteelectric.com - Belong -> electric ; ecnyelectric.com - Belong -> medical ; witherstool.com - Work_on -> milling ; witherstool.com - Work_on -> sharpening ; witherstool.com - Work_on -> turning ; ecnyelectric.com - Belong -> medicalequipment ; witherstool.com - Work_on -> shaping ; electrical_discharge_machining - Sub_Bussiness -> machining ; www.hobgoodelectric.com - Certify -> EASA ; witherstool.com - Work_on -> water_jet_cutting ; electrical - Sub_Industry -> electricalequipmentapplianceandcomponentmanufacturing ; ecnyelectric.com - Belong -> commercialindustry ; witherstool.com - Work_on -> grinding ; ecnyelectric.com - Belong -> electric ; electric - Sub_Industry -> electricalequipmentapplianceandcomponentmanufacturing ; witherstool.com - Belong -> foundry ; ecnyelectric.com - Belong -> serviceindustry ; witherstool.com - Work_on -> heat_treatment ; witherstool.com - Work_on -> plating ; witherstool.com - Work_on -> boring ; staybrightelectric.com - Belong -> electric ; witherstool.com - Belong -> turbine ; www.starbriteelectric.com - Belong -> medical ; witherstool.com - Work_on -> casting ; www.hobgoodelectric.com - Belong -> electrical ; www.byrdselectricmotors.com - Belong -> electric ; witherstool.com - Work_on -> drilling ; www.hobgoodelectric.com - Belong -> electric ; ecnyelectric.com - Belong -> electrical ; witherstool.com - Work_on -> tapping","0.4","category1"
"To what extent does acmesdi.com maintain an active relationship with fabriccoating via Sub_industry relationships?","(witherstool.com)-[:Belong]->(witherstool.com) | (witherstool.com)-[:Belong]->(witherstool.com) | (witherstool.com)-[:Belong]->(foundry) | (witherstool.com)-[:Belong]->(witherstool.com) | (witherstool.com)-[:Belong]->(foundry)","witherstool.com - Work_on -> drawing ; witherstool.com - Work_on -> welding ; witherstool.com - Belong -> foundries ; witherstool.com - Work_on -> forging ; witherstool.com - Work_on -> CNC_machining ; witherstool.com - Work_on -> reaming ; witherstool.com - Work_on -> milling ; witherstool.com - Work_on -> sharpening ; witherstool.com - Work_on -> turning ; witherstool.com - Work_on -> shaping ; witherstool.com - Work_on -> water_jet_cutting ; witherstool.com - Work_on -> grinding ; witherstool.com - Belong -> foundry ; witherstool.com - Work_on -> heat_treatment ; witherstool.com - Work_on -> plating ; witherstool.com - Work_on -> boring ; witherstool.com - Belong -> turbine ; witherstool.com - Work_on -> casting ; witherstool.com - Work_on -> drilling ; witherstool.com - Work_on -> tapping","0.4","category1"
"What are the specific pathways through which a-i-mfg.com maintains links to threadmill via Sub_industry?","(kenoshaareachamber.com)-[:Certify]->(kenoshaareachamber.com) | (kenoshaareachamber.com)-[:Certify]->(kenoshaareachamber.com) | (kenoshaareachamber.com)-[:Certify]->(EPA) | (kenoshaareachamber.com)-[:Certify]->(kenoshaareachamber.com) | (kenoshaareachamber.com)-[:Certify]->(EPA)","kenoshaareachamber.com - Work_on -> drawing ; kenoshaareachamber.com - Work_on -> boring ; kenoshaareachamber.com - Belong -> military ; kenoshaareachamber.com - Belong -> electric ; kenoshaareachamber.com - Work_on -> stamping ; kenoshaareachamber.com - Work_on -> turning ; kenoshaareachamber.com - Work_on -> fastener ; threadmill - Sub_Industry -> textilemills ; kenoshaareachamber.com - Work_on -> 3d_printing ; kenoshaareachamber.com - Belong -> household ; kenoshaareachamber.com - Belong -> medical ; kenoshaareachamber.com - Belong -> petroleum ; kenoshaareachamber.com - Work_on -> thermoforming ; kenoshaareachamber.com - Work_on -> bending ; kenoshaareachamber.com - Work_on -> polishing ; kenoshaareachamber.com - Certify -> EPA ; kenoshaareachamber.com - Work_on -> welding ; kenoshaareachamber.com - Belong -> engine  ; kenoshaareachamber.com - Work_on -> molding ; kenoshaareachamber.com - Belong -> furniture ; kenoshaareachamber.com - Belong -> electrical","0.4","category1"
"What are the specific pathways through which aamachineco.com maintains links to textileproduct via Sub_industry?","(kenoshaareachamber.com)-[:Certify]->(kenoshaareachamber.com) | (kenoshaareachamber.com)-[:Certify]->(kenoshaareachamber.com) | (kenoshaareachamber.com)-[:Certify]->(EPA) | (kenoshaareachamber.com)-[:Certify]->(kenoshaareachamber.com) | (kenoshaareachamber.com)-[:Certify]->(EPA)","kenoshaareachamber.com - Work_on -> drawing ; kenoshaareachamber.com - Work_on -> boring ; kenoshaareachamber.com - Belong -> military ; kenoshaareachamber.com - Belong -> electric ; kenoshaareachamber.com - Work_on -> stamping ; kenoshaareachamber.com - Work_on -> turning ; kenoshaareachamber.com - Work_on -> fastener ; kenoshaareachamber.com - Work_on -> 3d_printing ; kenoshaareachamber.com - Belong -> household ; kenoshaareachamber.com - Belong -> medical ; kenoshaareachamber.com - Belong -> petroleum ; kenoshaareachamber.com - Work_on -> thermoforming ; kenoshaareachamber.com - Work_on -> bending ; kenoshaareachamber.com - Work_on -> polishing ; kenoshaareachamber.com - Certify -> EPA ; kenoshaareachamber.com - Work_on -> welding ; kenoshaareachamber.com - Belong -> engine  ; kenoshaareachamber.com - Work_on -> molding ; kenoshaareachamber.com - Belong -> furniture ; kenoshaareachamber.com - Belong -> electrical","0.4","category1"
"What are the specific pathways through which abc-aluminum.com maintains links to engineeredwood via Sub_industry?","(kenoshaareachamber.com)-[:Certify]->(kenoshaareachamber.com) | (kenoshaareachamber.com)-[:Certify]->(kenoshaareachamber.com) | (kenoshaareachamber.com)-[:Certify]->(EPA) | (kenoshaareachamber.com)-[:Certify]->(kenoshaareachamber.com) | (kenoshaareachamber.com)-[:Certify]->(EPA)","kenoshaareachamber.com - Work_on -> drawing ; kenoshaareachamber.com - Work_on -> boring ; kenoshaareachamber.com - Belong -> military ; kenoshaareachamber.com - Belong -> electric ; kenoshaareachamber.com - Work_on -> stamping ; kenoshaareachamber.com - Work_on -> turning ; kenoshaareachamber.com - Work_on -> fastener ; kenoshaareachamber.com - Work_on -> 3d_printing ; kenoshaareachamber.com - Belong -> household ; kenoshaareachamber.com - Belong -> medical ; kenoshaareachamber.com - Belong -> petroleum ; kenoshaareachamber.com - Work_on -> thermoforming ; kenoshaareachamber.com - Work_on -> bending ; kenoshaareachamber.com - Work_on -> polishing ; kenoshaareachamber.com - Certify -> EPA ; kenoshaareachamber.com - Work_on -> welding ; kenoshaareachamber.com - Belong -> engine  ; kenoshaareachamber.com - Work_on -> molding ; kenoshaareachamber.com - Belong -> furniture ; kenoshaareachamber.com - Belong -> electrical","0.4","category1"
"To what extent does accuhcekmachining.com maintain an active relationship with commercialindustry via Sub_industry relationships?","(commercialindustry)-[:Belong]->(commercialindustry) | (commercialindustry)-[:Belong]->(commercialindustry) | (commercialindustry)-[:Certify]->(duonetics.com) | (commercialindustry)-[:Belong]->(commercialindustry) | (commercialindustry)-[:Certify]->(duonetics.com)","witherstool.com - Work_on -> drawing ; witherstool.com - Work_on -> welding ; witherstool.com - Belong -> foundries ; witherstool.com - Work_on -> forging ; witherstool.com - Work_on -> CNC_machining ; commercialindustry - Sub_Industry -> machinerymanufacturing ; witherstool.com - Work_on -> reaming ; witherstool.com - Work_on -> milling ; witherstool.com - Work_on -> sharpening ; witherstool.com - Work_on -> turning ; witherstool.com - Work_on -> shaping ; witherstool.com - Work_on -> water_jet_cutting ; witherstool.com - Work_on -> grinding ; witherstool.com - Belong -> foundry ; witherstool.com - Work_on -> heat_treatment ; witherstool.com - Work_on -> plating ; witherstool.com - Work_on -> boring ; witherstool.com - Belong -> turbine ; witherstool.com - Work_on -> casting ; witherstool.com - Work_on -> drilling ; witherstool.com - Work_on -> tapping","0.0","category1"
"How does absolutedsi.com establish and sustain its connection with milling through Sub_business relationship?","(witherstool.com)-[:Belong]->(witherstool.com) | (witherstool.com)-[:Belong]->(witherstool.com) | (witherstool.com)-[:Belong]->(foundry) | (witherstool.com)-[:Belong]->(witherstool.com) | (witherstool.com)-[:Belong]->(foundry)","witherstool.com - Work_on -> drawing ; witherstool.com - Work_on -> welding ; witherstool.com - Belong -> foundries ; witherstool.com - Work_on -> forging ; witherstool.com - Work_on -> CNC_machining ; witherstool.com - Work_on -> reaming ; witherstool.com - Work_on -> milling ; witherstool.com - Work_on -> sharpening ; witherstool.com - Work_on -> turning ; witherstool.com - Work_on -> shaping ; witherstool.com - Work_on -> water_jet_cutting ; witherstool.com - Work_on -> grinding ; witherstool.com - Belong -> foundry ; witherstool.com - Work_on -> heat_treatment ; witherstool.com - Work_on -> plating ; witherstool.com - Work_on -> boring ; witherstool.com - Belong -> turbine ; witherstool.com - Work_on -> casting ; witherstool.com - Work_on -> drilling ; witherstool.com - Work_on -> tapping","0.4","category1"
"How does 3dmachineco.com establish and sustain its connection with bending through Sub_business relationship?","(3dmachineco.com)-[:Certify]->(3dmachineco.com) | (3dmachineco.com)-[:Certify]->(3dmachineco.com) | (3dmachineco.com)-[:Certify]->(ISO9001) | (3dmachineco.com)-[:Certify]->(3dmachineco.com) | (3dmachineco.com)-[:Certify]->(ISO9001)","3dmachineco.com - Work_on -> grinding ; witherstool.com - Work_on -> drawing ; 3dmachineco.com - Work_on -> brazing ; witherstool.com - Work_on -> welding ; 3dmachineco.com - Work_on -> shot_peening ; 3dmachineco.com - Work_on -> anodizing ; 3dmachineco.com - Work_on -> turning ; witherstool.com - Belong -> foundries ; witherstool.com - Work_on -> forging ; 3dmachineco.com - Work_on -> milling ; witherstool.com - Work_on -> CNC_machining ; 3dmachineco.com - Work_on -> plating ; witherstool.com - Work_on -> reaming ; 3dmachineco.com - Process -> titanium ; witherstool.com - Work_on -> milling ; witherstool.com - Work_on -> sharpening ; witherstool.com - Work_on -> turning ; witherstool.com - Work_on -> shaping ; witherstool.com - Work_on -> water_jet_cutting ; witherstool.com - Work_on -> grinding ; 3dmachineco.com - Belong -> medical ; 3dmachineco.com - Belong -> defense ; 3dmachineco.com - Certify -> AS9100 ; witherstool.com - Belong -> foundry ; 3dmachineco.com - Work_on -> CNC_machining ; 3dmachineco.com - Work_on -> drawing ; 3dmachineco.com - Certify -> ISO9001 ; witherstool.com - Work_on -> heat_treatment ; witherstool.com - Work_on -> plating ; 3dmachineco.com - Process -> aluminum ; 3dmachineco.com - Work_on -> welding ; 3dmachineco.com - Process -> inconel ; witherstool.com - Work_on -> boring ; 3dmachineco.com - Work_on -> nitriding ; witherstool.com - Belong -> turbine ; witherstool.com - Work_on -> casting ; 3dmachineco.com - Process -> plastic ; 3dmachineco.com - Process -> steel ; witherstool.com - Work_on -> drilling ; witherstool.com - Work_on -> tapping","0.4","category1"
"How does acmtucson.com establish and sustain its connection with shot_peening through Sub_business relationship?","(witherstool.com)-[:Belong]->(witherstool.com) | (witherstool.com)-[:Belong]->(witherstool.com) | (witherstool.com)-[:Belong]->(foundry) | (witherstool.com)-[:Belong]->(witherstool.com) | (witherstool.com)-[:Belong]->(foundry)","witherstool.com - Work_on -> drawing ; witherstool.com - Work_on -> welding ; witherstool.com - Belong -> foundries ; witherstool.com - Work_on -> forging ; witherstool.com - Work_on -> CNC_machining ; witherstool.com - Work_on -> reaming ; witherstool.com - Work_on -> milling ; witherstool.com - Work_on -> sharpening ; witherstool.com - Work_on -> turning ; witherstool.com - Work_on -> shaping ; witherstool.com - Work_on -> water_jet_cutting ; witherstool.com - Work_on -> grinding ; witherstool.com - Belong -> foundry ; witherstool.com - Work_on -> heat_treatment ; witherstool.com - Work_on -> plating ; witherstool.com - Work_on -> boring ; witherstool.com - Belong -> turbine ; witherstool.com - Work_on -> casting ; witherstool.com - Work_on -> drilling ; witherstool.com - Work_on -> tapping","0.4","category1"
"To what extent does advanceaeroinc.com maintain an active relationship with defense via Sub_industry relationships?","(blusadefense.com)-[:Certify]->(blusadefense.com) | (blusadefense.com)-[:Certify]->(blusadefense.com) | (blusadefense.com)-[:Certify]->(ISO9001) | (blusadefense.com)-[:Certify]->(blusadefense.com) | (blusadefense.com)-[:Certify]->(ISO9001)","witherstool.com - Work_on -> drawing ; blusadefense.com - Certify -> ISO9001 ; witherstool.com - Work_on -> welding ; blusadefense.com - Work_on -> bending ; witherstool.com - Belong -> foundries ; witherstool.com - Work_on -> forging ; blusadefense.com - Certify -> AS9100 ; witherstool.com - Work_on -> CNC_machining ; blusadefense.com - Certify -> NIST800171 ; blusadefense.com - Work_on -> stereolithography ; blusadefense.com - Work_on -> milling ; witherstool.com - Work_on -> reaming ; blusadefense.com - Work_on -> grinding ; witherstool.com - Work_on -> milling ; witherstool.com - Work_on -> sharpening ; witherstool.com - Work_on -> turning ; blusadefense.com - Work_on -> plating ; witherstool.com - Work_on -> shaping ; blusadefense.com - Belong -> military ; blusadefense.com - Work_on -> fastener ; witherstool.com - Work_on -> water_jet_cutting ; witherstool.com - Work_on -> grinding ; witherstool.com - Belong -> foundry ; witherstool.com - Work_on -> heat_treatment ; blusadefense.com - Work_on -> investment_casting ; witherstool.com - Work_on -> plating ; blusadefense.com - Work_on -> CNC_machining ; blusadefense.com - Work_on -> drawing ; blusadefense.com - Work_on -> heat_treatment ; witherstool.com - Work_on -> boring ; blusadefense.com - Work_on -> turning ; witherstool.com - Belong -> turbine ; witherstool.com - Work_on -> casting ; blusadefense.com - Belong -> defense ; witherstool.com - Work_on -> drilling ; blusadefense.com - Belong -> electrical ; blusadefense.com - Belong -> electric ; blusadefense.com - Work_on -> welding ; blusadefense.com - Belong -> turbine ; witherstool.com - Work_on -> tapping","0.4","category1"
"What are the specific pathways through which accu-turn.neo maintains links to chemicalmanufacturing via Sub_industry?","(kenoshaareachamber.com)-[:Certify]->(kenoshaareachamber.com) | (kenoshaareachamber.com)-[:Certify]->(kenoshaareachamber.com) | (kenoshaareachamber.com)-[:Certify]->(EPA) | (kenoshaareachamber.com)-[:Certify]->(kenoshaareachamber.com) | (kenoshaareachamber.com)-[:Certify]->(EPA)","kenoshaareachamber.com - Work_on -> drawing ; kenoshaareachamber.com - Work_on -> boring ; kenoshaareachamber.com - Belong -> military ; kenoshaareachamber.com - Belong -> electric ; kenoshaareachamber.com - Work_on -> stamping ; kenoshaareachamber.com - Work_on -> turning ; kenoshaareachamber.com - Work_on -> fastener ; kenoshaareachamber.com - Work_on -> 3d_printing ; kenoshaareachamber.com - Belong -> household ; kenoshaareachamber.com - Belong -> medical ; kenoshaareachamber.com - Belong -> petroleum ; kenoshaareachamber.com - Work_on -> thermoforming ; kenoshaareachamber.com - Work_on -> bending ; kenoshaareachamber.com - Work_on -> polishing ; kenoshaareachamber.com - Certify -> EPA ; kenoshaareachamber.com - Work_on -> welding ; kenoshaareachamber.com - Belong -> engine  ; kenoshaareachamber.com - Work_on -> molding ; kenoshaareachamber.com - Belong -> furniture ; kenoshaareachamber.com - Belong -> electrical","0.4","category1"
"To what extent does 3dimensional.com maintain an active relationship with textileproduct via Sub_industry relationships?","(witherstool.com)-[:Belong]->(witherstool.com) | (witherstool.com)-[:Belong]->(witherstool.com) | (witherstool.com)-[:Belong]->(foundry) | (witherstool.com)-[:Belong]->(witherstool.com) | (witherstool.com)-[:Belong]->(foundry)","witherstool.com - Work_on -> drawing ; witherstool.com - Work_on -> welding ; witherstool.com - Belong -> foundries ; witherstool.com - Work_on -> forging ; witherstool.com - Work_on -> CNC_machining ; witherstool.com - Work_on -> reaming ; witherstool.com - Work_on -> milling ; witherstool.com - Work_on -> sharpening ; witherstool.com - Work_on -> turning ; witherstool.com - Work_on -> shaping ; witherstool.com - Work_on -> water_jet_cutting ; witherstool.com - Work_on -> grinding ; witherstool.com - Belong -> foundry ; witherstool.com - Work_on -> heat_treatment ; witherstool.com - Work_on -> plating ; witherstool.com - Work_on -> boring ; witherstool.com - Belong -> turbine ; witherstool.com - Work_on -> casting ; witherstool.com - Work_on -> drilling ; witherstool.com - Work_on -> tapping","0.4","category1"
"In what way do manufacturers like accuprompt.com interact with mining through Sub_business relationships?","(miningmachine)-[:Belong]->(miningmachine) | (miningmachine)-[:Belong]->(miningmachine) | (miningmachine)-[:Certify]->(atlasmachine.com) | (miningmachine)-[:Belong]->(miningmachine) | (miningmachine)-[:Certify]->(atlasmachine.com)","witherstool.com - Work_on -> drawing ; witherstool.com - Work_on -> welding ; witherstool.com - Belong -> foundries ; witherstool.com - Work_on -> forging ; witherstool.com - Work_on -> CNC_machining ; witherstool.com - Work_on -> reaming ; witherstool.com - Work_on -> milling ; witherstool.com - Work_on -> sharpening ; witherstool.com - Work_on -> turning ; miningmachine - Sub_Industry -> machinerymanufacturing ; witherstool.com - Work_on -> shaping ; witherstool.com - Work_on -> water_jet_cutting ; witherstool.com - Work_on -> grinding ; witherstool.com - Belong -> foundry ; witherstool.com - Work_on -> heat_treatment ; witherstool.com - Work_on -> plating ; witherstool.com - Work_on -> boring ; witherstool.com - Belong -> turbine ; witherstool.com - Work_on -> casting ; witherstool.com - Work_on -> drilling ; witherstool.com - Work_on -> tapping","0.0","category1"
"In what way do manufacturers like accuratemetalfl.com interact with hardening through Sub_business relationships?","(accuratemetalfl.com)-[:Certify]->(accuratemetalfl.com) | (accuratemetalfl.com)-[:Certify]->(accuratemetalfl.com) | (accuratemetalfl.com)-[:Certify]->(RoHS) | (accuratemetalfl.com)-[:Certify]->(accuratemetalfl.com) | (accuratemetalfl.com)-[:Certify]->(RoHS)","accuratemetalfl.com - Process -> steel ; witherstool.com - Work_on -> drawing ; accuratemetalfl.com - Belong -> military ; accuratemetalfl.com - Belong -> electric ; accuratemetalfl.com - Work_on -> anodizing ; witherstool.com - Work_on -> welding ; accuratemetalfl.com - Belong -> medical ; witherstool.com - Belong -> foundries ; accuratemetalfl.com - Certify -> RoHS ; witherstool.com - Work_on -> forging ; witherstool.com - Work_on -> CNC_machining ; accuratemetalfl.com - Work_on -> investment_casting ; accuratemetalfl.com - Belong -> electrical ; accuratemetalfl.com - Work_on -> welding ; accuratemetalfl.com - Work_on -> sharpening ; witherstool.com - Work_on -> reaming ; witherstool.com - Work_on -> milling ; accuratemetalfl.com - Work_on -> drawing ; witherstool.com - Work_on -> sharpening ; witherstool.com - Work_on -> turning ; accuratemetalfl.com - Work_on -> plating ; witherstool.com - Work_on -> shaping ; witherstool.com - Work_on -> water_jet_cutting ; witherstool.com - Work_on -> grinding ; accuratemetalfl.com - Process -> copper ; accuratemetalfl.com - Process -> aluminum ; witherstool.com - Belong -> foundry ; witherstool.com - Work_on -> heat_treatment ; witherstool.com - Work_on -> plating ; accuratemetalfl.com - Process -> alloy ; witherstool.com - Work_on -> boring ; witherstool.com - Belong -> turbine ; accuratemetalfl.com - Work_on -> laser_engraving ; witherstool.com - Work_on -> casting ; accuratemetalfl.com - Process -> bronze ; witherstool.com - Work_on -> drilling ; accuratemetalfl.com - Work_on -> polishing ; accuratemetalfl.com - Process -> metal ; accuratemetalfl.com - Work_on -> mining ; witherstool.com - Work_on -> tapping","0.4","category1"
"How does accuritetool.com establish and sustain its connection with hardening through Sub_business relationship?","(witherstool.com)-[:Belong]->(witherstool.com) | (witherstool.com)-[:Belong]->(witherstool.com) | (witherstool.com)-[:Belong]->(foundry) | (witherstool.com)-[:Belong]->(witherstool.com) | (witherstool.com)-[:Belong]->(foundry)","witherstool.com - Work_on -> drawing ; witherstool.com - Work_on -> welding ; witherstool.com - Belong -> foundries ; witherstool.com - Work_on -> forging ; witherstool.com - Work_on -> CNC_machining ; witherstool.com - Work_on -> reaming ; witherstool.com - Work_on -> milling ; witherstool.com - Work_on -> sharpening ; witherstool.com - Work_on -> turning ; witherstool.com - Work_on -> shaping ; witherstool.com - Work_on -> water_jet_cutting ; witherstool.com - Work_on -> grinding ; witherstool.com - Belong -> foundry ; witherstool.com - Work_on -> heat_treatment ; witherstool.com - Work_on -> plating ; witherstool.com - Work_on -> boring ; witherstool.com - Belong -> turbine ; witherstool.com - Work_on -> casting ; witherstool.com - Work_on -> drilling ; witherstool.com - Work_on -> tapping","0.4","category1"
"To what extent does accusealrubber.com maintain an active relationship with textileproduct via Sub_industry relationships?","(witherstool.com)-[:Belong]->(witherstool.com) | (witherstool.com)-[:Belong]->(witherstool.com) | (witherstool.com)-[:Belong]->(foundry) | (witherstool.com)-[:Belong]->(witherstool.com) | (witherstool.com)-[:Belong]->(foundry)","witherstool.com - Work_on -> drawing ; witherstool.com - Work_on -> welding ; witherstool.com - Belong -> foundries ; witherstool.com - Work_on -> forging ; witherstool.com - Work_on -> CNC_machining ; witherstool.com - Work_on -> reaming ; witherstool.com - Work_on -> milling ; witherstool.com - Work_on -> sharpening ; witherstool.com - Work_on -> turning ; witherstool.com - Work_on -> shaping ; witherstool.com - Work_on -> water_jet_cutting ; witherstool.com - Work_on -> grinding ; witherstool.com - Belong -> foundry ; witherstool.com - Work_on -> heat_treatment ; witherstool.com - Work_on -> plating ; witherstool.com - Work_on -> boring ; witherstool.com - Belong -> turbine ; witherstool.com - Work_on -> casting ; witherstool.com - Work_on -> drilling ; witherstool.com - Work_on -> tapping","0.4","category1"
